<?xml version="1.0" encoding="UTF-8"?>
<PressureSensor SensorID="45" SB_ConfigCTD_FileVersion="7.22.0.0" >
  <SerialNumber>0484</SerialNumber>
  <CalibrationDate>01-Mar-13</CalibrationDate>
  <C1>-4.680530e+004</C1>
  <C2>-8.320595e-001</C2>
  <C3>1.450810e-002</C3>
  <D1>3.903100e-002</D1>
  <D2>0.000000e+000</D2>
  <T1>3.038361e+001</T1>
  <T2>-5.411459e-004</T2>
  <T3>4.085080e-006</T3>
  <T4>2.564540e-009</T4>
  <Slope>0.99987529</Slope>
  <Offset>0.07578</Offset>
  <T5>0.000000e+000</T5>
  <AD590M>1.280820e-002</AD590M>
  <AD590B>-9.210200e+000</AD590B>
</PressureSensor>
