Time,El,Az,CLevel,Rel,Hdd,AGC,LAT,LON,ExtAGC,STAT123 RL,Notes, DACRemP ADMC (Antenna Position) Screen Capture
11:35:24 PM,18.2,243.1,90.0,131.0,113.9,1797,44.5N,125.1W,0119,Y@@ g@
11:35:25 PM,18.2,243.2,90.0,131.1,113.9,1799,44.5N,125.1W,0119,Y@@ g@
11:35:26 PM,18.2,243.1,90.0,131.2,113.9,1800,44.5N,125.1W,0119,X@@ g@
11:35:26 PM,18.2,243.1,90.0,131.3,113.7,1802,44.5N,125.1W,0119,X@@ g@
11:35:27 PM,18.2,243.1,90.0,131.6,113.6,1801,44.5N,125.1W,0119,X@@ g@
11:35:28 PM,18.2,243.1,90.0,131.4,113.6,1799,44.5N,125.1W,0119,X@@ g@
11:35:29 PM,18.2,243.1,90.0,131.5,113.6,1800,44.5N,125.1W,0120,X@@ g@
11:35:30 PM,18.2,243.1,90.0,131.5,113.6,1802,44.5N,125.1W,0120,X@@ g@
11:35:31 PM,18.2,243.2,90.0,131.4,113.6,1801,44.5N,125.1W,0120,X@@ g@
11:35:32 PM,18.2,243.2,90.0,131.3,113.6,1803,44.5N,125.1W,0120,Y@@ g@
11:35:33 PM,18.2,243.1,89.9,131.1,113.9,1799,44.5N,125.1W,0120,Y@@ g@
11:35:33 PM,18.2,243.2,89.9,131.3,113.9,1799,44.5N,125.1W,0120,Y@@ g@
11:35:34 PM,18.2,243.1,89.9,131.2,113.9,1801,44.5N,125.1W,0120,Y@@ g@
11:35:35 PM,18.2,243.1,90.0,131.5,113.6,1800,44.5N,125.1W,0120,Y@@ g@
11:35:36 PM,18.2,243.1,90.0,131.7,113.6,1801,44.5N,125.1W,0120,Y@@ g@
11:35:37 PM,18.3,243.1,90.0,131.7,113.6,1803,44.5N,125.1W,0120,Y@@ g@
11:35:38 PM,18.3,243.1,90.0,131.4,113.6,1799,44.5N,125.1W,0119,Y@@ g@
11:35:38 PM,18.3,243.1,89.9,131.2,113.6,1802,44.5N,125.1W,0119,X@@ g@
11:35:39 PM,18.3,243.1,89.9,131.4,113.9,1800,44.5N,125.1W,0119,X@@ g@
11:35:40 PM,18.3,243.2,89.9,131.1,113.9,1801,44.5N,125.1W,0119,X@@ g@
11:35:41 PM,18.3,243.2,90.0,131.1,113.9,1798,44.5N,125.1W,0119,X@@ g@
11:35:42 PM,18.3,243.1,90.0,131.3,113.9,1801,44.5N,125.1W,0120,X@@ g@
11:35:43 PM,18.3,243.1,90.0,131.4,113.9,1800,44.5N,125.1W,0120,X@@ g@
11:35:44 PM,18.3,243.1,90.0,131.4,113.7,1801,44.5N,125.1W,0120,X@@ g@
11:35:45 PM,18.2,243.1,90.0,131.4,113.6,1801,44.5N,125.1W,0120,Y@@ g@
11:35:45 PM,18.3,243.1,90.0,131.3,113.6,1800,44.5N,125.1W,0120,Y@@ g@
11:35:46 PM,18.3,243.1,90.0,131.2,113.7,1801,44.5N,125.1W,0119,Y@@ g@
11:35:47 PM,18.3,243.1,90.0,131.2,113.7,1801,44.5N,125.1W,0119,Y@@ g@
11:35:48 PM,18.3,243.1,90.0,131.3,113.7,1799,44.5N,125.1W,0119,Y@@ g@
11:35:49 PM,18.3,243.1,90.0,131.2,113.6,1800,44.5N,125.1W,0119,Y@@ g@
11:35:50 PM,18.2,243.1,90.0,131.1,113.7,1799,44.5N,125.1W,0119,Y@@ g@
11:35:50 PM,18.3,243.1,90.0,131.1,113.9,1800,44.5N,125.1W,0119,X@@ g@
11:35:51 PM,18.2,243.1,90.0,131.1,113.9,1799,44.5N,125.1W,0119,X@@ g@
11:35:52 PM,18.2,243.1,90.0,131.3,113.7,1800,44.5N,125.1W,0119,X@@ g@
11:35:53 PM,18.2,243.1,90.0,131.7,113.5,1803,44.5N,125.1W,0119,X@@ g@
11:35:54 PM,18.2,243.1,90.0,131.6,113.5,1799,44.5N,125.1W,0119,X@@ g@
11:35:55 PM,18.2,243.1,90.0,131.4,113.5,1801,44.5N,125.1W,0119,X@@ g@
11:35:56 PM,18.3,243.1,90.0,131.3,113.6,1800,44.5N,125.1W,0119,X@@ g@
11:35:56 PM,18.2,243.1,90.0,131.5,113.6,1800,44.5N,125.1W,0119,X@@ g@
11:35:57 PM,18.2,243.1,89.9,131.6,113.6,1799,44.5N,125.1W,0119,Y@@ g@
11:35:58 PM,18.2,243.1,90.0,131.6,113.6,1797,44.5N,125.1W,0119,Y@@ g@
11:35:59 PM,18.2,243.1,90.0,131.7,113.6,1799,44.5N,125.1W,0119,Y@@ g@
11:36:00 PM,18.2,243.1,90.0,131.7,113.6,1797,44.5N,125.1W,0119,Y@@ g@
11:36:01 PM,18.2,243.1,90.0,131.8,113.5,1796,44.5N,125.1W,0119,Y@@ g@
11:36:02 PM,18.3,243.1,90.0,131.8,113.5,1798,44.5N,125.1W,0119,Y@@ g@
11:36:02 PM,18.3,243.1,90.0,131.5,113.5,1798,44.5N,125.1W,0119,Y@@ g@
11:36:03 PM,18.3,243.1,89.9,131.6,113.6,1795,44.5N,125.1W,0119,X@@ g@
11:36:04 PM,18.3,243.1,89.9,131.4,113.6,1797,44.5N,125.1W,0119,X@@ g@
11:36:05 PM,18.3,243.1,89.9,131.5,113.6,1797,44.5N,125.1W,0119,X@@ g@
11:36:06 PM,18.3,243.1,89.9,131.5,113.5,1798,44.5N,125.1W,0119,X@@ g@
11:36:07 PM,18.3,243.0,90.0,131.6,113.5,1798,44.5N,125.1W,0119,X@@ g@
11:36:08 PM,18.3,243.1,90.0,131.5,113.5,1800,44.5N,125.1W,0120,X@@ g@
11:36:08 PM,18.3,243.1,90.0,131.7,113.5,1800,44.5N,125.1W,0120,X@@ g@
11:36:09 PM,18.3,243.1,90.0,131.7,113.5,1799,44.5N,125.1W,0120,X@@ g@
11:36:10 PM,18.3,243.1,90.0,131.6,113.5,1801,44.5N,125.1W,0120,Y@@ g@
11:36:11 PM,18.3,243.1,90.0,131.5,113.5,1799,44.5N,125.1W,0120,Y@@ g@
11:36:12 PM,18.4,243.1,90.0,131.5,113.5,1797,44.5N,125.1W,0119,Y@@ g@
11:36:13 PM,18.4,243.1,89.9,131.5,113.6,1799,44.5N,125.1W,0119,Y@@ g@
11:36:13 PM,18.3,243.1,90.0,131.4,113.6,1797,44.5N,125.1W,0119,Y@@ g@
11:36:14 PM,18.3,243.1,90.0,131.5,113.6,1798,44.5N,125.1W,0119,Y@@ g@
11:36:15 PM,18.3,243.1,90.0,131.5,113.6,1799,44.5N,125.1W,0119,Y@@ g@
11:36:16 PM,18.3,243.1,90.0,131.5,113.6,1799,44.5N,125.1W,0120,X@@ g@
11:36:17 PM,18.3,243.1,90.0,131.5,113.6,1799,44.5N,125.1W,0120,X@@ g@
11:36:18 PM,18.3,243.1,90.0,131.5,113.6,1797,44.5N,125.1W,0120,X@@ g@
11:36:19 PM,18.3,243.1,90.0,131.5,113.6,1799,44.5N,125.1W,0120,X@@ g@
11:36:20 PM,18.3,243.1,89.9,131.6,113.6,1800,44.5N,125.1W,0120,X@@ g@
11:36:20 PM,18.3,243.1,90.0,131.4,113.6,1799,44.5N,125.1W,0120,X@@ g@
11:36:21 PM,18.3,243.1,90.0,131.4,113.7,1799,44.5N,125.1W,0120,X@@ g@
11:36:22 PM,18.3,243.1,90.0,131.5,113.7,1796,44.5N,125.1W,0120,Y@@ g@
11:36:23 PM,18.3,243.1,90.0,131.6,113.7,1797,44.5N,125.1W,0120,Y@@ g@
11:36:24 PM,18.2,243.0,90.0,131.4,113.7,1799,44.5N,125.1W,0120,Y@@ g@
11:36:25 PM,18.3,243.0,90.0,131.5,113.7,1798,44.5N,125.1W,0120,Y@@ g@
11:36:25 PM,18.3,243.0,90.0,131.5,113.7,1799,44.5N,125.1W,0120,Y@@ g@
11:36:26 PM,18.3,243.1,90.0,131.6,113.7,1797,44.5N,125.1W,0120,Y@@ g@
11:36:27 PM,18.4,243.0,89.9,131.3,113.7,1799,44.5N,125.1W,0120,Y@@ g@
11:36:28 PM,18.4,243.0,89.9,131.5,113.7,1799,44.5N,125.1W,0120,Y@@ g@
11:36:29 PM,18.3,243.0,89.9,131.2,113.9,1798,44.5N,125.1W,0119,X@@ g@
11:36:30 PM,18.3,243.0,90.0,131.4,113.9,1798,44.5N,125.1W,0119,X@@ g@
11:36:31 PM,18.3,243.0,90.0,131.5,113.9,1800,44.5N,125.1W,0119,X@@ g@
11:36:32 PM,18.3,243.0,90.0,131.6,113.6,1799,44.5N,125.1W,0119,X@@ g@
11:36:32 PM,18.3,243.1,90.0,131.4,113.6,1798,44.5N,125.1W,0119,X@@ g@
11:36:33 PM,18.3,243.1,90.0,131.2,113.9,1798,44.5N,125.1W,0119,X@@ g@
11:36:34 PM,18.4,243.1,90.0,130.9,114.1,1799,44.5N,125.1W,0119,X@@ g@
11:36:35 PM,18.4,243.1,89.9,131.0,114.1,1798,44.5N,125.1W,0119,Y@@ g@
11:36:36 PM,18.3,243.1,90.0,131.1,113.9,1797,44.5N,125.1W,0119,Y@@ g@
11:36:37 PM,18.3,243.1,90.0,131.1,113.9,1799,44.5N,125.1W,0119,Y@@ g@
11:36:37 PM,18.3,243.1,90.0,131.1,113.9,1799,44.5N,125.1W,0120,Y@@ g@
11:36:38 PM,18.3,243.1,90.0,131.2,113.9,1798,44.5N,125.1W,0120,Y@@ g@
11:36:39 PM,18.3,243.1,90.0,131.2,113.9,1795,44.5N,125.1W,0120,Y@@ g@
11:36:40 PM,18.3,243.1,90.0,131.1,113.9,1795,44.5N,125.1W,0120,Y@@ g@
11:36:41 PM,18.4,243.1,90.0,130.9,114.1,1793,44.5N,125.1W,0120,X@@ g@
11:36:42 PM,18.4,243.1,90.0,130.7,114.1,1795,44.5N,125.1W,0119,X@@ g@
11:36:43 PM,18.4,243.1,90.0,130.8,114.4,1796,44.5N,125.1W,0119,X@@ g@
11:36:43 PM,18.4,243.1,90.0,130.8,114.4,1794,44.5N,125.1W,0119,X@@ g@
11:36:44 PM,18.3,243.0,90.0,131.1,114.3,1796,44.5N,125.1W,0119,X@@ g@
11:36:45 PM,18.3,243.1,90.0,131.1,114.1,1796,44.5N,125.1W,0119,X@@ g@
11:36:46 PM,18.3,243.1,90.0,131.1,114.1,1797,44.5N,125.1W,0120,X@@ g@
11:36:47 PM,18.3,243.1,90.0,131.0,114.1,1793,44.5N,125.1W,0120,X@@ g@
11:36:48 PM,18.3,243.1,90.0,130.7,114.3,1795,44.5N,125.1W,0120,Y@@ g@
11:36:49 PM,18.3,243.1,89.9,130.9,114.4,1797,44.5N,125.1W,0120,Y@@ g@
11:36:50 PM,18.4,243.1,89.9,130.9,114.4,1795,44.5N,125.1W,0120,Y@@ g@
11:36:50 PM,18.3,243.1,89.9,130.8,114.4,1794,44.5N,125.1W,0120,Y@@ g@
11:36:51 PM,18.3,243.0,89.9,130.9,114.4,1796,44.5N,125.1W,0120,Y@@ g@
11:36:52 PM,18.3,243.1,89.9,130.9,114.3,1796,44.5N,125.1W,0120,Y@@ g@
11:36:53 PM,18.3,243.1,90.0,130.9,114.3,1795,44.5N,125.1W,0120,Y@@ g@
11:36:54 PM,18.3,243.1,90.0,130.9,114.3,1794,44.5N,125.1W,0120,X@@ g@
11:36:55 PM,18.4,243.1,90.0,130.9,114.3,1794,44.5N,125.1W,0119,X@@ g@
11:36:55 PM,18.3,243.1,90.0,130.7,114.3,1794,44.5N,125.1W,0119,X@@ g@
11:36:56 PM,18.4,243.1,90.0,130.8,114.4,1796,44.5N,125.1W,0119,X@@ g@
11:36:57 PM,18.4,243.1,90.0,130.5,114.4,1795,44.5N,125.1W,0119,X@@ g@
11:36:58 PM,18.4,243.1,90.0,130.6,114.4,1795,44.5N,125.1W,0119,X@@ g@
11:36:59 PM,18.3,243.1,90.0,130.6,114.4,1796,44.5N,125.1W,0120,X@@ g@
11:37:00 PM,18.3,243.1,90.0,130.7,114.4,1799,44.5N,125.1W,0120,Y@@ g@
11:37:01 PM,18.3,243.1,90.0,130.8,114.3,1796,44.5N,125.1W,0120,Y@@ g@
11:37:02 PM,18.2,243.1,90.0,130.7,114.3,1797,44.5N,125.1W,0120,Y@@ g@
11:37:02 PM,18.2,243.1,90.0,130.6,114.3,1796,44.5N,125.1W,0120,Y@@ g@
11:37:03 PM,18.3,243.1,90.0,130.7,114.4,1795,44.5N,125.1W,0120,Y@@ g@
11:37:04 PM,18.3,243.1,90.0,130.7,114.4,1800,44.5N,125.1W,0120,Y@@ g@
11:37:05 PM,18.3,243.1,90.0,130.6,114.4,1796,44.5N,125.1W,0120,Y@@ g@
11:37:06 PM,18.3,243.1,90.0,130.7,114.4,1799,44.5N,125.1W,0120,Y@@ g@
11:37:07 PM,18.3,243.1,90.0,130.6,114.4,1798,44.5N,125.1W,0120,X@@ g@
11:37:07 PM,18.3,243.1,90.0,130.7,114.4,1797,44.5N,125.1W,0120,X@@ g@
11:37:08 PM,18.2,243.1,90.0,130.6,114.3,1798,44.5N,125.1W,0120,X@@ g@
11:37:09 PM,18.2,243.2,90.0,130.7,114.3,1797,44.5N,125.1W,0120,X@@ g@
11:37:10 PM,18.2,243.1,90.0,130.9,114.3,1798,44.5N,125.1W,0120,X@@ g@
11:37:11 PM,18.3,243.1,90.0,131.0,114.3,1801,44.5N,125.1W,0120,X@@ g@
11:37:12 PM,18.3,243.1,90.0,130.8,114.3,1801,44.5N,125.1W,0120,X@@ g@
11:37:13 PM,18.3,243.1,90.0,130.9,114.4,1800,44.5N,125.1W,0120,Y@@ g@
11:37:13 PM,18.3,243.1,89.9,130.8,114.4,1802,44.5N,125.1W,0120,Y@@ g@
11:37:14 PM,18.3,243.1,89.9,130.6,114.4,1800,44.5N,125.1W,0120,Y@@ g@
11:37:15 PM,18.3,243.1,89.9,130.6,114.4,1804,44.5N,125.1W,0120,Y@@ g@
11:37:16 PM,18.3,243.1,89.9,130.9,114.3,1801,44.5N,125.1W,0119,Y@@ g@
11:37:17 PM,18.3,243.1,89.9,131.0,114.3,1801,44.5N,125.1W,0119,Y@@ g@
11:37:18 PM,18.3,243.1,89.9,131.2,114.1,1801,44.5N,125.1W,0119,Y@@ g@
11:37:19 PM,18.3,243.2,90.0,131.0,114.1,1803,44.5N,125.1W,0119,X@@ g@
11:37:19 PM,18.4,243.1,90.0,131.0,114.1,1802,44.5N,125.1W,0119,X@@ g@
11:37:20 PM,18.4,243.2,90.0,130.8,114.1,1800,44.5N,125.1W,0120,X@@ g@
11:37:21 PM,18.4,243.1,90.0,130.8,114.3,1800,44.5N,125.1W,0120,X@@ g@
11:37:22 PM,18.4,243.1,90.0,130.6,114.4,1803,44.5N,125.1W,0120,X@@ g@
11:37:23 PM,18.4,243.1,90.0,130.5,114.4,1799,44.5N,125.1W,0120,X@@ g@
11:37:24 PM,18.3,243.1,90.0,130.6,114.4,1801,44.5N,125.1W,0120,X@@ g@
11:37:25 PM,18.3,243.1,90.0,130.8,114.1,1801,44.5N,125.1W,0120,X@@ g@
11:37:25 PM,18.3,243.1,90.0,130.8,113.9,1801,44.5N,125.1W,0120,Y@@ g@
11:37:26 PM,18.3,243.1,90.0,130.8,113.9,1800,44.5N,125.1W,0120,Y@@ g@
11:37:27 PM,18.3,243.1,90.0,130.7,114.1,1801,44.5N,125.1W,0120,Y@@ g@
11:37:28 PM,18.3,243.1,90.0,130.7,114.1,1797,44.5N,125.1W,0120,Y@@ g@
11:37:29 PM,18.3,243.1,90.0,130.6,114.1,1800,44.5N,125.1W,0120,Y@@ g@
11:37:30 PM,18.3,243.1,90.0,130.6,114.1,1797,44.5N,125.1W,0120,Y@@ g@
11:37:30 PM,18.4,243.1,90.0,130.6,114.1,1799,44.5N,125.1W,0120,Y@@ g@
11:37:32 PM,18.3,243.0,89.9,131.1,114.1,1800,44.5N,125.1W,0120,X@@ g@
11:37:32 PM,18.3,243.1,90.0,130.9,113.9,1800,44.5N,125.1W,0120,X@@ g@
11:37:33 PM,18.3,243.0,90.0,131.1,113.9,1799,44.5N,125.1W,0120,X@@ g@
11:37:34 PM,18.3,243.1,90.0,131.1,113.9,1799,44.5N,125.1W,0120,X@@ g@
11:37:35 PM,18.3,243.1,90.0,130.9,113.9,1798,44.5N,125.1W,0120,X@@ g@
11:37:36 PM,18.3,243.1,90.0,131.0,113.9,1799,44.5N,125.1W,0120,X@@ g@
11:37:37 PM,18.3,243.1,90.0,131.0,114.1,1797,44.5N,125.1W,0120,X@@ g@
11:37:37 PM,18.3,243.1,90.0,131.0,114.1,1796,44.5N,125.1W,0120,X@@ g@
11:37:38 PM,18.2,243.1,90.0,131.0,113.9,1798,44.5N,125.1W,0120,Y@@ g@
11:37:39 PM,18.3,243.1,89.9,130.9,113.9,1796,44.5N,125.1W,0120,Y@@ g@
11:37:40 PM,18.3,243.1,89.9,130.9,114.1,1797,44.5N,125.1W,0120,Y@@ g@
11:37:41 PM,18.4,243.1,89.9,130.9,114.1,1797,44.5N,125.1W,0120,Y@@ g@
11:37:42 PM,18.4,243.1,89.9,130.9,114.1,1797,44.5N,125.1W,0120,Y@@ g@
11:37:43 PM,18.4,243.1,89.9,131.0,113.9,1800,44.5N,125.1W,0120,Y@@ g@
11:37:43 PM,18.3,243.1,90.0,131.1,113.9,1799,44.5N,125.1W,0120,Y@@ g@
11:37:44 PM,18.3,243.1,90.0,130.8,113.9,1797,44.5N,125.1W,0120,X@@ g@
11:37:45 PM,18.3,243.1,90.0,130.8,113.9,1799,44.5N,125.1W,0120,X@@ g@
11:37:46 PM,18.4,243.1,90.0,130.8,114.1,1798,44.5N,125.1W,0120,X@@ g@
11:37:47 PM,18.4,243.1,90.0,130.6,114.1,1797,44.5N,125.1W,0120,X@@ g@
11:37:48 PM,18.4,243.1,90.0,130.6,114.1,1797,44.5N,125.1W,0120,X@@ g@
11:37:49 PM,18.3,243.1,90.0,130.7,114.1,1798,44.5N,125.1W,0120,X@@ g@
11:37:49 PM,18.3,243.1,90.0,130.8,114.1,1798,44.5N,125.1W,0120,X@@ g@
11:37:51 PM,18.3,243.1,90.0,131.1,113.9,1800,44.5N,125.1W,0120,Y@@ g@
11:37:52 PM,18.3,243.1,90.0,130.9,113.9,1796,44.5N,125.1W,0120,Y@@ g@
11:37:53 PM,18.3,243.1,90.0,130.8,114.1,1798,44.5N,125.1W,0120,Y@@ g@
11:37:54 PM,18.3,243.1,90.0,131.0,114.1,1799,44.5N,125.1W,0120,Y@@ g@
11:37:55 PM,18.3,243.2,89.9,131.0,114.1,1799,44.5N,125.1W,0120,Y@@ g@
11:37:56 PM,18.3,243.2,90.0,131.0,113.9,1799,44.5N,125.1W,0119,Y@@ g@
11:37:56 PM,18.3,243.1,89.9,131.0,113.9,1801,44.5N,125.1W,0119,X@@ g@
11:37:57 PM,18.3,243.1,90.0,131.2,113.9,1799,44.5N,125.1W,0119,X@@ g@
11:37:58 PM,18.3,243.1,90.0,131.0,113.9,1799,44.5N,125.1W,0119,X@@ g@
11:37:59 PM,18.3,243.1,90.0,131.1,113.7,1800,44.5N,125.1W,0119,X@@ g@
11:38:00 PM,18.3,243.1,90.0,130.9,113.9,1802,44.5N,125.1W,0119,X@@ g@
11:38:01 PM,18.4,243.1,90.0,131.1,113.9,1802,44.5N,125.1W,0119,X@@ g@
11:38:01 PM,18.3,243.1,90.0,131.0,113.9,1801,44.5N,125.1W,0119,X@@ g@
11:38:03 PM,18.3,243.1,90.0,130.9,114.1,1798,44.5N,125.1W,0119,X@@ g@
11:38:03 PM,18.3,243.1,90.0,130.8,114.1,1798,44.5N,125.1W,0119,Y@@ g@
11:38:04 PM,18.3,243.1,89.9,130.8,113.9,1797,44.5N,125.1W,0119,Y@@ g@
11:38:05 PM,18.3,243.2,89.9,130.9,113.9,1802,44.5N,125.1W,0119,Y@@ g@
11:38:06 PM,18.3,243.1,90.0,131.1,113.9,1802,44.5N,125.1W,0119,Y@@ g@
11:38:07 PM,18.3,243.2,90.0,131.2,113.6,1801,44.5N,125.1W,0119,Y@@ g@
11:38:08 PM,18.3,243.2,90.0,131.1,113.6,1802,44.5N,125.1W,0119,Y@@ g@
11:38:08 PM,18.3,243.2,90.0,131.0,113.7,1799,44.5N,125.1W,0119,Y@@ g@
11:38:09 PM,18.3,243.2,90.0,130.9,113.9,1800,44.5N,125.1W,0119,X@@ g@
11:38:10 PM,18.3,243.2,90.0,130.9,113.9,1797,44.5N,125.1W,0119,X@@ g@
11:38:11 PM,18.2,243.2,89.9,131.2,113.9,1797,44.5N,125.1W,0119,X@@ g@
11:38:12 PM,18.3,243.2,90.0,131.2,113.7,1797,44.5N,125.1W,0119,X@@ g@
11:38:13 PM,18.3,243.2,90.0,131.2,113.7,1798,44.5N,125.1W,0120,X@@ g@
11:38:14 PM,18.2,243.2,90.0,131.1,113.6,1800,44.5N,125.1W,0120,X@@ g@
11:38:14 PM,18.2,243.2,90.0,131.2,113.6,1798,44.5N,125.1W,0120,X@@ g@
11:38:15 PM,18.3,243.1,90.0,131.2,113.7,1798,44.5N,125.1W,0120,Y@@ g@
11:38:16 PM,18.2,243.2,90.0,131.1,113.7,1797,44.5N,125.1W,0120,Y@@ g@
11:38:17 PM,18.2,243.2,90.0,131.2,113.9,1794,44.5N,125.1W,0120,Y@@ g@
11:38:18 PM,18.3,243.2,90.0,130.9,113.9,1796,44.5N,125.1W,0120,Y@@ g@
11:38:19 PM,18.2,243.1,89.9,130.9,113.9,1800,44.5N,125.1W,0120,Y@@ g@
11:38:20 PM,18.2,243.1,89.9,131.2,113.9,1799,44.5N,125.1W,0120,Y@@ g@
11:38:20 PM,18.2,243.2,89.9,131.3,113.7,1797,44.5N,125.1W,0120,Y@@ g@
11:38:21 PM,18.2,243.2,89.9,131.3,113.6,1800,44.5N,125.1W,0119,Y@@ g@
11:38:22 PM,18.2,243.2,90.0,131.4,113.6,1798,44.5N,125.1W,0119,X@@ g@
11:38:23 PM,18.2,243.2,90.0,131.4,113.7,1800,44.5N,125.1W,0119,X@@ g@
11:38:24 PM,18.3,243.2,90.0,131.1,113.9,1798,44.5N,125.1W,0119,X@@ g@
11:38:25 PM,18.3,243.2,90.0,131.1,113.9,1797,44.5N,125.1W,0119,X@@ g@
11:38:26 PM,18.3,243.2,90.0,131.0,114.1,1800,44.5N,125.1W,0119,X@@ g@
11:38:26 PM,18.3,243.2,89.9,130.8,114.1,1797,44.5N,125.1W,0119,X@@ g@
11:38:27 PM,18.3,243.2,89.9,131.1,114.1,1799,44.5N,125.1W,0119,X@@ g@
11:38:28 PM,18.2,243.2,89.9,131.0,113.9,1798,44.5N,125.1W,0119,Y@@ g@
11:38:29 PM,18.1,243.2,90.0,131.0,113.9,1798,44.5N,125.1W,0119,Y@@ g@
11:38:30 PM,18.2,243.2,90.0,131.0,113.9,1798,44.5N,125.1W,0120,Y@@ g@
11:38:31 PM,18.2,243.1,89.9,131.0,113.9,1797,44.5N,125.1W,0120,Y@@ g@
11:38:31 PM,18.2,243.2,90.0,130.9,113.9,1797,44.5N,125.1W,0120,Y@@ g@
11:38:32 PM,18.2,243.2,90.0,130.6,114.1,1797,44.5N,125.1W,0120,Y@@ g@
11:38:33 PM,18.2,243.2,90.0,130.5,114.4,1796,44.5N,125.1W,0120,Y@@ g@
11:38:34 PM,18.2,243.1,90.0,130.6,114.3,1796,44.5N,125.1W,0119,Y@@ g@
11:38:35 PM,18.2,243.1,90.0,130.8,114.1,1794,44.5N,125.1W,0119,X@@ g@
11:38:36 PM,18.2,243.1,90.0,130.9,114.1,1798,44.5N,125.1W,0119,X@@ g@
11:38:37 PM,18.2,243.1,90.0,130.9,113.9,1799,44.5N,125.1W,0119,X@@ g@
11:38:37 PM,18.2,243.1,90.0,131.0,113.9,1800,44.5N,125.1W,0119,X@@ g@
11:38:38 PM,18.2,243.1,90.0,130.9,114.1,1798,44.5N,125.1W,0120,X@@ g@
11:38:39 PM,18.2,243.1,90.0,130.8,114.1,1799,44.5N,125.1W,0120,X@@ g@
11:38:40 PM,18.2,243.2,90.0,130.6,114.1,1797,44.5N,125.1W,0120,X@@ g@
11:38:41 PM,18.2,243.1,89.9,131.0,114.1,1798,44.5N,125.1W,0120,Y@@ g@
11:38:42 PM,18.2,243.2,89.9,131.1,114.1,1797,44.5N,125.1W,0120,Y@@ g@
11:38:43 PM,18.1,243.2,89.9,131.2,114.1,1798,44.5N,125.1W,0119,Y@@ g@
11:38:43 PM,18.1,243.2,90.0,131.2,113.9,1798,44.5N,125.1W,0119,Y@@ g@
11:38:44 PM,18.1,243.1,90.0,131.1,113.9,1798,44.5N,125.1W,0119,Y@@ g@
11:38:45 PM,18.2,243.1,90.0,130.9,113.9,1799,44.5N,125.1W,0119,Y@@ g@
11:38:46 PM,18.2,243.1,90.0,131.0,114.1,1799,44.5N,125.1W,0119,Y@@ g@
11:38:47 PM,18.2,243.1,90.0,130.9,114.1,1798,44.5N,125.1W,0120,X@@ g@
11:38:48 PM,18.2,243.1,89.9,131.1,114.1,1798,44.5N,125.1W,0120,X@@ g@
11:38:48 PM,18.1,243.1,89.9,131.2,113.9,1796,44.5N,125.1W,0120,X@@ g@
11:38:50 PM,18.2,243.1,89.9,131.1,113.9,1795,44.5N,125.1W,0120,X@@ g@
11:38:50 PM,18.2,243.1,89.9,131.3,113.7,1796,44.5N,125.1W,0120,X@@ g@
11:38:51 PM,18.2,243.1,90.0,131.4,113.6,1799,44.5N,125.1W,0120,X@@ g@
11:38:52 PM,18.2,243.1,90.0,131.2,113.6,1800,44.5N,125.1W,0120,X@@ g@
11:38:53 PM,18.2,243.1,90.0,131.1,113.6,1800,44.5N,125.1W,0120,X@@ g@
11:38:54 PM,18.2,243.1,90.0,130.9,113.7,1800,44.5N,125.1W,0120,Y@@ g@
11:38:55 PM,18.2,243.1,89.9,130.8,113.9,1800,44.5N,125.1W,0120,Y@@ g@
11:38:55 PM,18.2,243.1,89.9,130.8,114.1,1800,44.5N,125.1W,0119,Y@@ g@
11:38:56 PM,18.2,243.1,89.9,131.0,113.9,1801,44.5N,125.1W,0119,Y@@ g@
11:38:57 PM,18.2,243.1,90.0,131.2,113.7,1799,44.5N,125.1W,0119,Y@@ g@
11:38:58 PM,18.2,243.1,90.0,131.2,113.6,1802,44.5N,125.1W,0119,Y@@ g@
11:38:59 PM,18.2,243.1,90.0,131.1,113.6,1803,44.5N,125.1W,0119,Y@@ g@
11:39:00 PM,18.2,243.1,90.0,131.1,113.6,1801,44.5N,125.1W,0120,X@@ g@
11:39:00 PM,18.2,243.1,90.0,131.1,113.7,1801,44.5N,125.1W,0120,X@@ g@
11:39:01 PM,18.2,243.1,90.0,131.0,113.7,1802,44.5N,125.1W,0120,X@@ g@
11:39:02 PM,18.2,243.1,90.0,130.9,113.9,1801,44.5N,125.1W,0120,X@@ g@
11:39:03 PM,18.2,243.1,90.0,130.9,113.9,1803,44.5N,125.1W,0120,X@@ g@
11:39:04 PM,18.1,243.1,90.0,130.9,113.9,1803,44.5N,125.1W,0119,X@@ g@
11:39:05 PM,18.1,243.1,90.0,131.1,113.9,1803,44.5N,125.1W,0119,X@@ g@
11:39:06 PM,18.1,243.1,90.0,131.0,113.7,1801,44.5N,125.1W,0119,X@@ g@
11:39:07 PM,18.1,243.1,90.0,131.1,113.9,1801,44.5N,125.1W,0119,Y@@ g@
11:39:07 PM,18.1,243.1,90.0,131.2,113.9,1801,44.5N,125.1W,0119,Y@@ g@
11:39:08 PM,18.2,243.1,90.0,131.3,113.7,1800,44.5N,125.1W,0120,Y@@ g@
11:39:09 PM,18.1,243.1,89.9,131.2,113.6,1801,44.5N,125.1W,0120,Y@@ g@
11:39:10 PM,18.1,243.1,90.0,131.1,113.6,1801,44.5N,125.1W,0120,Y@@ g@
11:39:11 PM,18.1,243.1,90.0,131.1,113.7,1798,44.5N,125.1W,0120,Y@@ g@
11:39:12 PM,18.1,243.1,90.0,131.3,113.7,1797,44.5N,125.1W,0120,Y@@ g@
11:39:12 PM,18.1,243.1,90.0,131.1,113.7,1800,44.5N,125.1W,0120,X@@ g@
11:39:13 PM,18.1,243.1,90.0,131.2,113.7,1797,44.5N,125.1W,0120,X@@ g@
11:39:14 PM,18.1,243.1,89.9,131.1,113.9,1797,44.5N,125.1W,0120,X@@ g@
11:39:15 PM,18.2,243.1,90.0,131.1,113.7,1800,44.5N,125.1W,0120,X@@ g@
11:39:16 PM,18.2,243.1,89.9,131.3,113.6,1798,44.5N,125.1W,0120,X@@ g@
11:39:17 PM,18.2,243.1,89.9,131.4,113.6,1799,44.5N,125.1W,0120,X@@ g@
11:39:18 PM,18.1,243.1,89.9,131.5,113.5,1797,44.5N,125.1W,0120,X@@ g@
11:39:18 PM,18.1,243.1,90.0,131.4,113.5,1799,44.5N,125.1W,0120,Y@@ g@
11:39:19 PM,18.1,243.1,90.0,131.3,113.5,1799,44.5N,125.1W,0120,Y@@ g@
11:39:20 PM,18.1,243.1,90.0,131.2,113.5,1796,44.5N,125.1W,0120,Y@@ g@
11:39:21 PM,18.1,243.1,90.0,131.2,113.6,1798,44.5N,125.1W,0119,Y@@ g@
11:39:22 PM,18.1,243.2,90.0,131.3,113.6,1798,44.5N,125.1W,0119,Y@@ g@
11:39:23 PM,18.1,243.1,89.9,131.5,113.6,1797,44.5N,125.1W,0119,Y@@ g@
11:39:24 PM,18.1,243.1,90.0,131.5,113.5,1799,44.5N,125.1W,0119,Y@@ g@
11:39:24 PM,18.1,243.1,90.0,131.5,113.3,1794,44.5N,125.1W,0119,X@@ g@
11:39:25 PM,18.1,243.2,90.0,131.5,113.3,1795,44.5N,125.1W,0120,X@@ g@
11:39:26 PM,18.1,243.1,90.0,131.4,113.5,1797,44.5N,125.1W,0120,X@@ g@
11:39:27 PM,18.1,243.1,90.0,131.4,113.5,1796,44.5N,125.1W,0120,X@@ g@
11:39:28 PM,18.0,243.1,90.0,131.6,113.5,1798,44.5N,125.1W,0120,X@@ g@
11:39:29 PM,18.0,243.1,90.0,131.5,113.5,1799,44.5N,125.1W,0120,X@@ g@
11:39:30 PM,18.0,243.1,90.0,131.7,113.5,1799,44.5N,125.1W,0119,X@@ g@
11:39:30 PM,18.1,243.1,90.0,131.6,113.3,1801,44.5N,125.1W,0119,X@@ g@
11:39:31 PM,18.1,243.1,90.0,131.6,113.1,1800,44.5N,125.1W,0119,Y@@ g@
11:39:32 PM,18.1,243.1,90.0,131.7,113.1,1801,44.5N,125.1W,0119,Y@@ g@
11:39:33 PM,18.1,243.1,89.9,131.7,113.3,1798,44.5N,125.1W,0119,Y@@ g@
11:39:34 PM,18.1,243.1,90.0,131.6,113.3,1800,44.5N,125.1W,0120,Y@@ g@
11:39:35 PM,18.1,243.1,90.0,131.6,113.5,1800,44.5N,125.1W,0120,Y@@ g@
11:39:35 PM,18.1,243.1,90.0,131.7,113.5,1798,44.5N,125.1W,0120,Y@@ g@
11:39:37 PM,18.1,243.0,89.9,131.7,113.5,1799,44.5N,125.1W,0120,Y@@ g@
11:39:37 PM,18.1,243.1,89.9,131.7,113.1,1801,44.5N,125.1W,0120,X@@ g@
11:39:38 PM,18.1,243.0,90.0,131.8,113.1,1799,44.5N,125.1W,0120,X@@ g@
11:39:39 PM,18.1,243.0,90.0,131.6,113.3,1798,44.5N,125.1W,0120,X@@ g@
11:39:40 PM,18.1,243.0,90.0,131.7,113.3,1800,44.5N,125.1W,0120,X@@ g@
11:39:41 PM,18.1,243.1,90.0,131.5,113.5,1801,44.5N,125.1W,0120,X@@ g@
11:39:42 PM,18.1,243.1,90.0,131.4,113.5,1803,44.5N,125.1W,0120,X@@ g@
11:39:42 PM,18.1,243.0,89.9,131.4,113.5,1800,44.5N,125.1W,0119,X@@ g@
11:39:43 PM,18.2,243.1,89.9,131.3,113.5,1800,44.5N,125.1W,0119,X@@ g@
11:39:44 PM,18.1,243.1,89.9,131.6,113.5,1800,44.5N,125.1W,0119,Y@@ g@
11:39:45 PM,18.1,243.1,90.0,131.5,113.3,1801,44.5N,125.1W,0119,Y@@ g@
11:39:46 PM,18.1,243.1,90.0,131.5,113.3,1801,44.5N,125.1W,0119,Y@@ g@
11:39:47 PM,18.2,243.1,90.0,131.3,113.3,1801,44.5N,125.1W,0119,Y@@ g@
11:39:47 PM,18.2,243.1,90.0,131.2,113.5,1802,44.5N,125.1W,0119,Y@@ g@
11:39:48 PM,18.1,243.1,90.0,131.2,113.6,1802,44.5N,125.1W,0119,Y@@ g@
11:39:49 PM,18.1,243.1,90.0,131.2,113.6,1801,44.5N,125.1W,0119,Y@@ g@
11:39:50 PM,18.1,243.1,90.0,131.2,113.6,1801,44.5N,125.1W,0119,X@@ g@
11:39:51 PM,18.1,243.1,90.0,131.3,113.6,1803,44.5N,125.1W,0120,X@@ g@
11:39:52 PM,18.1,243.1,90.0,131.2,113.6,1801,44.5N,125.1W,0120,X@@ g@
11:39:53 PM,18.2,243.1,90.0,131.2,113.6,1804,44.5N,125.1W,0120,X@@ g@
11:39:54 PM,18.1,243.1,90.0,131.3,113.5,1802,44.5N,125.1W,0120,X@@ g@
11:39:54 PM,18.1,243.1,90.0,131.3,113.5,1800,44.5N,125.1W,0120,X@@ g@
11:39:55 PM,18.1,243.1,90.0,131.2,113.6,1802,44.5N,125.1W,0120,X@@ g@
11:39:56 PM,18.1,243.1,90.0,131.1,113.7,1801,44.5N,125.1W,0120,Y@@ g@
11:39:57 PM,18.1,243.1,90.0,131.0,113.7,1800,44.5N,125.1W,0120,Y@@ g@
11:39:58 PM,18.0,243.0,90.0,131.3,113.6,1800,44.5N,125.1W,0120,Y@@ g@
11:39:59 PM,18.1,243.0,89.9,131.4,113.6,1799,44.5N,125.1W,0120,Y@@ g@
11:39:59 PM,18.1,243.1,89.9,131.4,113.6,1800,44.5N,125.1W,0120,Y@@ g@
11:40:00 PM,18.1,243.1,89.9,131.4,113.6,1801,44.5N,125.1W,0120,Y@@ g@
11:40:01 PM,18.1,243.1,89.9,131.2,113.6,1801,44.5N,125.1W,0120,Y@@ g@
11:40:02 PM,18.1,243.1,90.0,131.2,113.7,1799,44.5N,125.1W,0120,Y@@ g@
11:40:03 PM,18.1,243.1,90.0,131.2,113.7,1802,44.5N,125.1W,0120,X@@ g@
11:40:04 PM,18.1,243.1,90.0,131.3,113.7,1800,44.5N,125.1W,0120,X@@ g@
11:40:05 PM,18.1,243.1,90.0,131.3,113.6,1799,44.5N,125.1W,0120,X@@ g@
11:40:05 PM,18.1,243.1,90.0,131.2,113.7,1798,44.5N,125.1W,0120,X@@ g@
11:40:06 PM,18.1,243.1,90.0,130.9,113.9,1798,44.5N,125.1W,0120,X@@ g@
11:40:07 PM,18.1,243.1,90.0,130.9,113.9,1798,44.5N,125.1W,0120,X@@ g@
11:40:08 PM,18.1,243.1,90.0,131.2,113.9,1799,44.5N,125.1W,0119,X@@ g@
11:40:09 PM,18.1,243.1,90.0,131.2,113.9,1800,44.5N,125.1W,0119,Y@@ g@
11:40:10 PM,18.1,243.1,89.9,131.2,113.7,1802,44.5N,125.1W,0119,Y@@ g@
11:40:11 PM,18.2,243.1,90.0,131.0,113.7,1800,44.5N,125.1W,0119,Y@@ g@
11:40:12 PM,18.1,243.1,90.0,131.1,113.7,1801,44.5N,125.1W,0119,Y@@ g@
11:40:12 PM,18.1,243.1,90.0,131.1,113.7,1800,44.5N,125.1W,0120,Y@@ g@
11:40:13 PM,18.1,243.1,90.0,131.0,113.7,1804,44.5N,125.1W,0120,Y@@ g@
11:40:14 PM,18.1,243.1,90.0,130.7,114.1,1803,44.5N,125.1W,0120,Y@@ g@
11:40:15 PM,18.1,243.1,90.0,130.5,114.3,1802,44.5N,125.1W,0120,X@@ g@
11:40:16 PM,18.1,243.1,90.0,130.6,114.3,1803,44.5N,125.1W,0120,X@@ g@
11:40:17 PM,18.1,243.1,90.0,130.9,114.3,1803,44.5N,125.1W,0119,X@@ g@
11:40:17 PM,18.1,243.1,90.0,131.1,113.9,1802,44.5N,125.1W,0119,X@@ g@
11:40:18 PM,18.1,243.1,90.0,131.0,113.9,1802,44.5N,125.1W,0119,X@@ g@
11:40:19 PM,18.1,243.1,90.0,130.9,113.9,1803,44.5N,125.1W,0119,X@@ g@
11:40:20 PM,18.2,243.1,90.0,131.0,114.1,1804,44.5N,125.1W,0119,X@@ g@
11:40:21 PM,18.1,243.1,90.0,130.9,114.1,1802,44.5N,125.1W,0120,X@@ g@
11:40:22 PM,18.1,243.1,90.0,131.0,114.1,1805,44.5N,125.1W,0120,Y@@ g@
11:40:23 PM,18.2,243.1,90.0,130.9,114.1,1803,44.5N,125.1W,0120,Y@@ g@
11:40:23 PM,18.2,243.1,89.9,130.9,114.3,1802,44.5N,125.1W,0120,Y@@ g@
11:40:24 PM,18.1,243.1,90.0,131.0,114.3,1802,44.5N,125.1W,0120,Y@@ g@
11:40:25 PM,18.1,243.1,90.0,131.0,114.1,1800,44.5N,125.1W,0119,Y@@ g@
11:40:26 PM,18.2,243.1,90.0,131.1,114.1,1802,44.5N,125.1W,0119,Y@@ g@
11:40:27 PM,18.2,243.1,89.9,131.0,114.1,1801,44.5N,125.1W,0119,Y@@ g@
11:40:28 PM,18.2,243.1,89.9,131.0,114.1,1799,44.5N,125.1W,0119,X@@ g@
11:40:29 PM,18.2,243.1,89.9,130.9,114.3,1799,44.5N,125.1W,0119,X@@ g@
11:40:29 PM,18.2,243.1,89.9,131.0,114.3,1799,44.5N,125.1W,0120,X@@ g@
11:40:30 PM,18.2,243.1,89.9,131.1,114.1,1800,44.5N,125.1W,0120,X@@ g@
11:40:31 PM,18.2,243.1,89.9,131.0,114.1,1800,44.5N,125.1W,0120,X@@ g@
11:40:32 PM,18.3,243.1,89.9,130.8,114.1,1799,44.5N,125.1W,0120,X@@ g@
11:40:33 PM,18.2,243.1,90.0,130.9,114.1,1798,44.5N,125.1W,0120,X@@ g@
11:40:34 PM,18.2,243.1,90.0,130.9,114.3,1799,44.5N,125.1W,0120,X@@ g@
11:40:34 PM,18.3,243.1,90.0,130.8,114.3,1801,44.5N,125.1W,0120,Y@@ g@
11:40:35 PM,18.3,243.1,89.9,130.9,114.3,1799,44.5N,125.1W,0120,Y@@ g@
11:40:36 PM,18.3,243.1,90.0,130.8,114.3,1798,44.5N,125.1W,0120,Y@@ g@
11:40:37 PM,18.3,243.1,90.0,130.9,114.1,1796,44.5N,125.1W,0120,Y@@ g@
11:40:38 PM,18.3,243.1,90.0,130.9,114.1,1797,44.5N,125.1W,0119,Y@@ g@
11:40:39 PM,18.3,243.1,90.0,130.9,114.1,1797,44.5N,125.1W,0119,Y@@ g@
11:40:40 PM,18.3,243.1,90.0,130.8,114.1,1795,44.5N,125.1W,0119,Y@@ g@
11:40:41 PM,18.2,243.1,90.0,130.8,114.1,1795,44.5N,125.1W,0119,X@@ g@
11:40:41 PM,18.2,243.1,90.0,130.8,114.1,1796,44.5N,125.1W,0119,X@@ g@
11:40:42 PM,18.3,243.1,90.0,130.8,114.1,1797,44.5N,125.1W,0119,X@@ g@
11:40:43 PM,18.3,243.1,90.0,130.8,114.1,1797,44.5N,125.1W,0119,X@@ g@
11:40:44 PM,18.3,243.1,90.0,130.9,114.1,1798,44.5N,125.1W,0119,X@@ g@
11:40:45 PM,18.3,243.0,90.0,131.2,113.9,1798,44.5N,125.1W,0119,X@@ g@
11:40:46 PM,18.3,243.1,90.0,131.2,113.9,1797,44.5N,125.1W,0119,X@@ g@
11:40:46 PM,18.2,243.1,90.0,130.9,114.1,1799,44.5N,125.1W,0120,Y@@ g@
11:40:47 PM,18.2,243.1,90.0,131.0,114.1,1799,44.5N,125.1W,0120,Y@@ g@
11:40:48 PM,18.3,243.0,90.0,130.9,114.1,1800,44.5N,125.1W,0120,Y@@ g@
11:40:49 PM,18.3,243.1,89.9,131.2,114.1,1800,44.5N,125.1W,0120,Y@@ g@
11:40:50 PM,18.3,243.0,89.9,131.0,113.9,1801,44.5N,125.1W,0120,Y@@ g@
11:40:51 PM,18.3,243.1,89.9,131.1,114.1,1799,44.5N,125.1W,0119,Y@@ g@
11:40:52 PM,18.2,243.1,90.0,131.1,114.1,1801,44.5N,125.1W,0119,Y@@ g@
11:40:52 PM,18.2,243.1,90.0,131.1,114.1,1802,44.5N,125.1W,0119,Y@@ g@
11:40:53 PM,18.3,243.1,90.0,130.9,114.1,1801,44.5N,125.1W,0119,X@@ g@
11:40:54 PM,18.3,243.1,90.0,130.9,114.1,1802,44.5N,125.1W,0119,X@@ g@
11:40:55 PM,18.3,243.1,90.0,131.0,113.9,1801,44.5N,125.1W,0120,X@@ g@
11:40:56 PM,18.3,243.1,90.0,131.0,113.9,1802,44.5N,125.1W,0120,X@@ g@
11:40:57 PM,18.3,243.0,90.0,131.0,113.9,1800,44.5N,125.1W,0120,X@@ g@
11:40:58 PM,18.3,243.1,90.0,130.9,113.9,1799,44.5N,125.1W,0120,X@@ g@
11:40:59 PM,18.3,243.1,90.0,130.8,113.9,1801,44.5N,125.1W,0120,X@@ g@
11:40:59 PM,18.3,243.1,90.0,130.8,114.1,1802,44.5N,125.1W,0120,Y@@ g@
11:41:00 PM,18.3,243.1,90.0,130.8,114.1,1802,44.5N,125.1W,0120,Y@@ g@
11:41:01 PM,18.3,243.1,90.0,130.9,114.1,1801,44.5N,125.1W,0120,Y@@ g@
11:41:02 PM,18.3,243.1,90.0,131.1,113.9,1803,44.5N,125.1W,0120,Y@@ g@
11:41:03 PM,18.3,243.1,90.0,130.8,114.1,1802,44.5N,125.1W,0120,Y@@ g@
11:41:04 PM,18.3,243.1,90.0,130.8,114.1,1800,44.5N,125.1W,0120,Y@@ g@
11:41:05 PM,18.3,243.1,90.0,130.8,114.1,1801,44.5N,125.1W,0120,Y@@ g@
11:41:05 PM,18.3,243.1,90.0,130.6,114.1,1800,44.5N,125.1W,0120,X@@ g@
11:41:06 PM,18.3,243.1,90.0,130.9,114.1,1800,44.5N,125.1W,0120,X@@ g@
11:41:07 PM,18.3,243.1,90.0,130.7,114.1,1800,44.5N,125.1W,0120,X@@ g@
11:41:08 PM,18.3,243.1,90.0,130.8,114.1,1798,44.5N,125.1W,0119,X@@ g@
11:41:09 PM,18.2,243.1,90.0,130.9,114.1,1795,44.5N,125.1W,0119,X@@ g@
11:41:10 PM,18.3,243.1,90.0,131.0,114.1,1799,44.5N,125.1W,0119,X@@ g@
11:41:11 PM,18.3,243.1,89.9,131.0,114.1,1797,44.5N,125.1W,0119,X@@ g@
11:41:12 PM,18.3,243.1,89.9,130.8,114.1,1800,44.5N,125.1W,0119,X@@ g@
11:41:12 PM,18.3,243.1,89.9,130.8,114.1,1798,44.5N,125.1W,0120,Y@@ g@
11:41:13 PM,18.3,243.1,90.0,130.9,114.1,1800,44.5N,125.1W,0120,Y@@ g@
11:41:15 PM,18.3,243.1,90.0,130.6,114.3,1797,44.5N,125.1W,0120,Y@@ g@
11:41:16 PM,18.3,243.1,90.0,130.6,114.3,1798,44.5N,125.1W,0120,Y@@ g@
11:41:17 PM,18.3,243.0,90.0,130.6,114.3,1798,44.5N,125.1W,0120,Y@@ g@
11:41:18 PM,18.3,243.0,90.0,130.6,114.1,1798,44.5N,125.1W,0119,Y@@ g@
11:41:19 PM,18.3,243.0,90.0,130.6,114.1,1798,44.5N,125.1W,0119,X@@ g@
11:41:19 PM,18.3,243.0,90.0,130.6,114.1,1798,44.5N,125.1W,0119,X@@ g@
11:41:20 PM,18.3,243.0,90.0,130.7,114.1,1799,44.5N,125.1W,0119,X@@ g@
11:41:21 PM,18.2,243.0,90.0,130.7,114.1,1797,44.5N,125.1W,0119,X@@ g@
11:41:22 PM,18.3,243.0,90.0,130.7,114.1,1797,44.5N,125.1W,0119,X@@ g@
11:41:23 PM,18.3,243.1,90.0,130.6,114.1,1798,44.5N,125.1W,0119,X@@ g@
11:41:24 PM,18.3,243.1,90.0,130.7,114.1,1799,44.5N,125.1W,0119,X@@ g@
11:41:25 PM,18.3,243.0,89.9,131.0,114.1,1800,44.5N,125.1W,0119,Y@@ g@
11:41:26 PM,18.4,243.1,89.9,131.0,114.1,1802,44.5N,125.1W,0119,Y@@ g@
11:41:27 PM,18.3,243.0,89.9,130.7,114.1,1800,44.5N,125.1W,0120,Y@@ g@
11:41:27 PM,18.3,243.1,90.0,130.7,114.1,1800,44.5N,125.1W,0120,Y@@ g@
11:41:28 PM,18.3,243.0,90.0,130.6,114.1,1799,44.5N,125.1W,0120,Y@@ g@
11:41:29 PM,18.3,243.0,90.0,130.6,114.1,1799,44.5N,125.1W,0120,Y@@ g@
11:41:30 PM,18.3,243.0,90.0,130.6,114.1,1800,44.5N,125.1W,0120,Y@@ g@
11:41:31 PM,18.3,243.0,90.0,130.6,114.1,1798,44.5N,125.1W,0119,X@@ g@
11:41:32 PM,18.3,243.0,90.0,130.6,114.1,1800,44.5N,125.1W,0119,X@@ g@
11:41:33 PM,18.3,243.0,90.0,130.8,114.1,1798,44.5N,125.1W,0119,X@@ g@
11:41:34 PM,18.3,243.0,90.0,131.0,114.1,1798,44.5N,125.1W,0119,X@@ g@
11:41:34 PM,18.3,243.0,90.0,130.9,113.9,1799,44.5N,125.1W,0119,X@@ g@
11:41:35 PM,18.3,243.0,90.0,130.8,114.1,1799,44.5N,125.1W,0120,X@@ g@
11:41:36 PM,18.3,243.0,90.0,130.8,114.1,1798,44.5N,125.1W,0120,X@@ g@
11:41:37 PM,18.3,243.0,90.0,130.7,114.1,1800,44.5N,125.1W,0120,Y@@ g@
11:41:38 PM,18.3,243.0,89.9,131.0,114.1,1801,44.5N,125.1W,0120,Y@@ g@
11:41:39 PM,18.3,243.0,89.9,130.6,114.1,1802,44.5N,125.1W,0120,Y@@ g@
11:41:40 PM,18.3,243.0,89.9,130.9,114.1,1799,44.5N,125.1W,0120,Y@@ g@
11:41:40 PM,18.3,243.0,90.0,131.0,114.1,1799,44.5N,125.1W,0120,Y@@ g@
11:41:41 PM,18.2,243.0,90.0,130.8,114.1,1800,44.5N,125.1W,0120,Y@@ g@
11:41:42 PM,18.3,243.0,90.0,130.9,114.1,1799,44.5N,125.1W,0120,Y@@ g@
11:41:43 PM,18.3,243.0,89.9,130.8,114.1,1800,44.5N,125.1W,0120,Y@@ g@
11:41:44 PM,18.3,243.0,89.9,130.9,114.1,1799,44.5N,125.1W,0119,X@@ g@
11:41:45 PM,18.3,243.0,89.9,130.8,114.1,1797,44.5N,125.1W,0119,X@@ g@
11:41:45 PM,18.3,243.0,90.0,130.9,114.1,1798,44.5N,125.1W,0119,X@@ g@
11:41:46 PM,18.3,243.0,90.0,130.6,114.1,1797,44.5N,125.1W,0119,X@@ g@
11:41:47 PM,18.3,243.0,90.0,130.6,114.1,1798,44.5N,125.1W,0119,X@@ g@
11:41:48 PM,18.3,243.0,90.0,130.8,114.1,1797,44.5N,125.1W,0120,X@@ g@
11:41:49 PM,18.3,243.0,90.0,130.8,114.1,1797,44.5N,125.1W,0120,X@@ g@
11:41:50 PM,18.3,243.0,90.0,130.6,114.1,1798,44.5N,125.1W,0120,Y@@ g@
11:41:51 PM,18.3,243.0,90.0,130.6,114.1,1797,44.5N,125.1W,0120,Y@@ g@
11:41:52 PM,18.3,243.0,90.0,130.6,114.1,1798,44.5N,125.1W,0120,Y@@ g@
11:41:52 PM,18.3,243.0,89.9,130.5,114.1,1801,44.5N,125.1W,0119,Y@@ g@
11:41:53 PM,18.3,243.0,90.0,130.4,114.3,1800,44.5N,125.1W,0119,Y@@ g@
11:41:54 PM,18.3,243.0,90.0,130.4,114.4,1803,44.5N,125.1W,0119,Y@@ g@
11:41:55 PM,18.2,243.0,90.0,130.4,114.4,1799,44.5N,125.1W,0119,Y@@ g@
11:41:56 PM,18.2,243.0,90.0,130.5,114.4,1801,44.5N,125.1W,0119,X@@ g@
11:41:57 PM,18.3,243.0,90.0,130.5,114.3,1801,44.5N,125.1W,0119,X@@ g@
11:41:57 PM,18.2,243.0,90.0,130.4,114.3,1798,44.5N,125.1W,0119,X@@ g@
11:41:58 PM,18.3,243.0,90.0,130.5,114.3,1800,44.5N,125.1W,0119,X@@ g@
11:41:59 PM,18.2,243.0,90.0,131.0,114.1,1799,44.5N,125.1W,0119,X@@ g@
11:42:00 PM,18.2,243.0,90.0,131.0,113.9,1800,44.5N,125.1W,0119,X@@ g@
11:42:01 PM,18.2,243.1,90.0,130.9,113.9,1800,44.5N,125.1W,0119,X@@ g@
11:42:02 PM,18.2,243.0,90.0,130.8,113.9,1801,44.5N,125.1W,0119,X@@ g@
11:42:03 PM,18.2,243.0,90.0,130.9,114.1,1801,44.5N,125.1W,0119,Y@@ g@
11:42:04 PM,18.3,243.1,89.9,130.8,114.1,1800,44.5N,125.1W,0119,Y@@ g@
11:42:04 PM,18.2,243.0,89.9,131.0,114.1,1800,44.5N,125.1W,0119,Y@@ g@
11:42:05 PM,18.2,243.0,89.9,131.0,114.1,1799,44.5N,125.1W,0120,Y@@ g@
11:42:06 PM,18.2,243.0,89.9,131.1,113.9,1800,44.5N,125.1W,0120,Y@@ g@
11:42:07 PM,18.2,243.0,89.9,131.0,113.9,1798,44.5N,125.1W,0120,Y@@ g@
11:42:08 PM,18.2,243.0,89.9,131.2,113.7,1799,44.5N,125.1W,0120,Y@@ g@
11:42:09 PM,18.2,243.1,90.0,131.2,113.7,1800,44.5N,125.1W,0120,X@@ g@
11:42:09 PM,18.2,243.0,90.0,131.2,113.7,1798,44.5N,125.1W,0120,X@@ g@
11:42:10 PM,18.2,243.1,90.0,131.0,113.7,1797,44.5N,125.1W,0120,X@@ g@
11:42:11 PM,18.3,243.0,90.0,131.1,113.9,1797,44.5N,125.1W,0120,X@@ g@
11:42:12 PM,18.3,243.0,90.0,130.9,113.9,1798,44.5N,125.1W,0120,X@@ g@
11:42:13 PM,18.3,243.0,90.0,131.2,113.9,1799,44.5N,125.1W,0120,X@@ g@
11:42:14 PM,18.3,243.0,90.0,131.3,113.6,1798,44.5N,125.1W,0120,X@@ g@
11:42:15 PM,18.3,243.0,89.9,131.3,113.5,1798,44.5N,125.1W,0120,X@@ g@
11:42:15 PM,18.3,243.0,89.9,131.4,113.5,1796,44.5N,125.1W,0120,Y@@ g@
11:42:16 PM,18.2,243.1,90.0,131.2,113.5,1797,44.5N,125.1W,0120,Y@@ g@
11:42:17 PM,18.2,243.0,90.0,131.1,113.6,1797,44.5N,125.1W,0120,Y@@ g@
11:42:18 PM,18.2,243.0,90.0,131.1,113.6,1796,44.5N,125.1W,0120,Y@@ g@
11:42:19 PM,18.2,243.0,90.0,131.2,113.6,1796,44.5N,125.1W,0120,Y@@ g@
11:42:20 PM,18.2,243.0,90.0,131.2,113.5,1798,44.5N,125.1W,0120,Y@@ g@
11:42:21 PM,18.2,243.1,89.9,131.1,113.5,1796,44.5N,125.1W,0120,Y@@ g@
11:42:21 PM,18.2,243.0,90.0,131.1,113.6,1796,44.5N,125.1W,0120,X@@ g@
11:42:22 PM,18.2,243.0,90.0,131.2,113.6,1795,44.5N,125.1W,0119,X@@ g@
11:42:23 PM,18.2,243.0,90.0,131.2,113.5,1796,44.5N,125.1W,0119,X@@ g@
11:42:24 PM,18.2,243.1,90.0,131.3,113.5,1796,44.5N,125.1W,0119,X@@ g@
11:42:25 PM,18.1,243.0,90.0,131.4,113.5,1796,44.5N,125.1W,0119,X@@ g@
11:42:26 PM,18.1,243.0,90.0,131.3,113.5,1796,44.5N,125.1W,0119,X@@ g@
11:42:27 PM,18.1,243.0,90.0,131.4,113.6,1796,44.5N,125.1W,0120,X@@ g@
11:42:27 PM,18.1,243.0,90.0,131.3,113.5,1793,44.5N,125.1W,0120,Y@@ g@
11:42:28 PM,18.1,243.0,90.0,131.4,113.5,1795,44.5N,125.1W,0120,Y@@ g@
11:42:29 PM,18.2,243.0,89.9,131.2,113.6,1795,44.5N,125.1W,0120,Y@@ g@
11:42:30 PM,18.1,243.0,89.9,131.3,113.6,1794,44.5N,125.1W,0120,Y@@ g@
11:42:31 PM,18.1,243.0,90.0,131.3,113.6,1795,44.5N,125.1W,0120,Y@@ g@
11:42:32 PM,18.1,243.0,90.0,131.2,113.6,1795,44.5N,125.1W,0120,Y@@ g@
11:42:32 PM,18.1,243.0,90.0,131.3,113.6,1798,44.5N,125.1W,0120,Y@@ g@
11:42:33 PM,18.2,243.0,90.0,131.1,113.6,1793,44.5N,125.1W,0120,Y@@ g@
11:42:34 PM,18.1,243.0,89.9,131.0,113.6,1796,44.5N,125.1W,0120,X@@ g@
11:42:35 PM,18.2,243.0,89.9,131.2,113.6,1795,44.5N,125.1W,0119,X@@ g@
11:42:36 PM,18.2,243.0,89.9,131.1,113.6,1795,44.5N,125.1W,0119,X@@ g@
11:42:37 PM,18.2,243.0,89.9,131.0,113.6,1795,44.5N,125.1W,0119,X@@ g@
11:42:38 PM,18.1,243.0,90.0,131.0,113.6,1794,44.5N,125.1W,0119,X@@ g@
11:42:39 PM,18.1,243.1,90.0,131.0,113.6,1796,44.5N,125.1W,0119,X@@ g@
11:42:39 PM,18.2,243.1,90.0,131.0,113.6,1799,44.5N,125.1W,0120,X@@ g@
11:42:40 PM,18.2,243.0,90.0,131.0,113.6,1796,44.5N,125.1W,0120,Y@@ g@
11:42:41 PM,18.2,243.0,90.0,131.1,113.6,1796,44.5N,125.1W,0120,Y@@ g@
11:42:42 PM,18.2,243.0,90.0,131.1,113.6,1797,44.5N,125.1W,0120,Y@@ g@
11:42:43 PM,18.2,243.0,90.0,131.1,113.6,1795,44.5N,125.1W,0120,Y@@ g@
11:42:44 PM,18.1,243.1,90.0,131.0,113.6,1797,44.5N,125.1W,0119,Y@@ g@
11:42:44 PM,18.1,243.1,90.0,131.0,113.6,1795,44.5N,125.1W,0119,Y@@ g@
11:42:45 PM,18.1,243.1,90.0,130.9,113.7,1796,44.5N,125.1W,0119,Y@@ g@
11:42:46 PM,18.1,243.0,90.0,131.1,113.6,1796,44.5N,125.1W,0119,X@@ g@
11:42:47 PM,18.1,243.0,90.0,131.1,113.6,1797,44.5N,125.1W,0119,X@@ g@
11:42:48 PM,18.1,243.0,90.0,131.1,113.5,1794,44.5N,125.1W,0120,X@@ g@
11:42:49 PM,18.1,243.0,90.0,131.1,113.5,1796,44.5N,125.1W,0120,X@@ g@
11:42:50 PM,18.1,243.0,90.0,131.1,113.5,1794,44.5N,125.1W,0120,X@@ g@
11:42:51 PM,18.2,243.0,90.0,131.2,113.6,1795,44.5N,125.1W,0120,X@@ g@
11:42:51 PM,18.2,243.0,90.0,131.0,113.6,1793,44.5N,125.1W,0120,X@@ g@
11:42:52 PM,18.2,243.0,90.0,131.2,113.7,1794,44.5N,125.1W,0120,X@@ g@
11:42:53 PM,18.1,243.0,90.0,131.2,113.7,1797,44.5N,125.1W,0120,Y@@ g@
11:42:54 PM,18.1,243.1,90.0,131.0,113.7,1795,44.5N,125.1W,0120,Y@@ g@
11:42:55 PM,18.1,243.0,90.0,131.3,113.6,1794,44.5N,125.1W,0120,Y@@ g@
11:42:56 PM,18.1,243.0,90.0,131.3,113.6,1794,44.5N,125.1W,0120,Y@@ g@
11:42:56 PM,18.1,243.0,90.0,131.4,113.5,1794,44.5N,125.1W,0121,Y@@ g@
11:42:57 PM,18.1,243.0,90.0,131.3,113.6,1795,44.5N,125.1W,0121,Y@@ g@
11:42:58 PM,18.1,243.0,89.9,131.1,113.7,1794,44.5N,125.1W,0121,Y@@ g@
11:42:59 PM,18.2,243.0,90.0,131.1,113.9,1794,44.5N,125.1W,0121,X@@ g@
11:43:00 PM,18.1,243.0,89.9,131.1,113.9,1796,44.5N,125.1W,0121,X@@ g@
11:43:01 PM,18.1,243.0,89.9,131.1,113.7,1798,44.5N,125.1W,0119,X@@ g@
11:43:02 PM,18.1,243.0,89.9,131.1,113.6,1796,44.5N,125.1W,0119,X@@ g@
11:43:02 PM,18.1,243.0,90.0,131.3,113.6,1797,44.5N,125.1W,0119,X@@ g@
11:43:03 PM,18.1,243.1,90.0,131.1,113.6,1796,44.5N,125.1W,0119,X@@ g@
11:43:04 PM,18.1,243.0,90.0,131.2,113.6,1796,44.5N,125.1W,0119,X@@ g@
11:43:05 PM,18.2,243.0,90.0,131.1,113.6,1794,44.5N,125.1W,0119,Y@@ g@
11:43:06 PM,18.2,243.1,90.0,131.1,113.6,1795,44.5N,125.1W,0119,Y@@ g@
11:43:07 PM,18.2,243.0,90.0,131.1,113.7,1796,44.5N,125.1W,0119,Y@@ g@
11:43:08 PM,18.1,243.1,90.0,131.1,113.7,1796,44.5N,125.1W,0119,Y@@ g@
11:43:08 PM,18.1,243.0,90.0,131.2,113.6,1795,44.5N,125.1W,0119,Y@@ g@
11:43:09 PM,18.1,243.0,90.0,131.2,113.6,1796,44.5N,125.1W,0120,Y@@ g@
11:43:10 PM,18.1,243.0,90.0,131.3,113.5,1794,44.5N,125.1W,0120,Y@@ g@
11:43:11 PM,18.1,243.0,90.0,131.2,113.6,1795,44.5N,125.1W,0120,Y@@ g@
11:43:12 PM,18.1,243.1,90.0,131.3,113.6,1795,44.5N,125.1W,0120,X@@ g@
11:43:13 PM,18.1,243.1,90.0,131.1,113.6,1797,44.5N,125.1W,0120,X@@ g@
11:43:14 PM,18.1,243.1,90.0,131.1,113.7,1797,44.5N,125.1W,0120,X@@ g@
11:43:14 PM,18.1,243.1,90.0,131.1,113.7,1796,44.5N,125.1W,0120,X@@ g@
11:43:15 PM,18.1,243.1,90.0,131.1,113.6,1797,44.5N,125.1W,0120,X@@ g@
11:43:16 PM,18.1,243.1,90.0,131.4,113.6,1796,44.5N,125.1W,0120,X@@ g@
11:43:17 PM,18.1,243.1,90.0,131.2,113.6,1795,44.5N,125.1W,0120,X@@ g@
11:43:18 PM,18.1,243.1,90.0,131.5,113.6,1795,44.5N,125.1W,0119,Y@@ g@
11:43:19 PM,18.1,243.1,90.0,131.5,113.6,1794,44.5N,125.1W,0119,Y@@ g@
11:43:19 PM,18.1,243.1,90.0,131.4,113.5,1795,44.5N,125.1W,0119,Y@@ g@
11:43:29 PM,18.1,243.1,90.0,131.1,113.7,1794,44.5N,125.1W,0119,Y@@ g@
11:43:30 PM,18.1,243.0,90.0,131.2,113.6,1797,44.5N,125.1W,0119,X@@ g@
11:43:31 PM,18.1,243.0,89.9,131.4,113.6,1796,44.5N,125.1W,0120,Y@@ g@
11:43:32 PM,18.2,243.1,90.0,131.5,113.5,1799,44.5N,125.1W,0120,Y@@ g@
11:43:32 PM,18.2,243.1,90.0,131.4,113.5,1798,44.5N,125.1W,0120,Y@@ g@
11:43:33 PM,18.2,243.1,90.0,131.3,113.6,1797,44.5N,125.1W,0120,Y@@ g@
11:43:34 PM,18.2,243.1,90.0,131.5,113.6,1795,44.5N,125.1W,0120,Y@@ g@
11:43:35 PM,18.2,243.1,90.0,131.4,113.5,1798,44.5N,125.1W,0120,Y@@ g@
11:43:36 PM,18.1,243.1,90.0,131.4,113.5,1796,44.5N,125.1W,0120,Y@@ g@
11:43:37 PM,18.2,243.0,90.0,131.4,113.5,1800,44.5N,125.1W,0120,X@@ g@
11:43:38 PM,18.1,243.0,90.0,131.4,113.6,1801,44.5N,125.1W,0120,X@@ g@
11:43:38 PM,18.1,243.0,90.0,131.5,113.5,1799,44.5N,125.1W,0120,X@@ g@
11:43:39 PM,18.2,243.0,90.0,131.7,113.3,1801,44.5N,125.1W,0120,X@@ g@
11:43:40 PM,18.2,243.0,90.0,132.1,113.1,1799,44.5N,125.1W,0120,X@@ g@
11:43:41 PM,18.2,243.1,90.0,131.8,113.1,1799,44.5N,125.1W,0120,X@@ g@
11:43:42 PM,18.2,243.1,90.0,131.9,113.1,1800,44.5N,125.1W,0120,X@@ g@
11:43:43 PM,18.2,243.1,90.0,131.8,113.1,1798,44.5N,125.1W,0120,Y@@ g@
11:43:44 PM,18.2,243.0,90.0,131.7,113.3,1797,44.5N,125.1W,0120,Y@@ g@
11:43:44 PM,18.2,243.0,90.0,131.8,113.3,1799,44.5N,125.1W,0120,Y@@ g@
11:43:45 PM,18.2,243.0,90.0,131.8,113.1,1798,44.5N,125.1W,0120,Y@@ g@
11:43:46 PM,18.2,243.0,89.9,131.9,113.1,1796,44.5N,125.1W,0120,Y@@ g@
11:43:47 PM,18.3,243.0,89.9,131.8,113.1,1800,44.5N,125.1W,0120,Y@@ g@
11:43:48 PM,18.2,243.0,89.9,131.9,113.1,1799,44.5N,125.1W,0119,Y@@ g@
11:43:49 PM,18.2,243.0,90.0,132.1,113.1,1797,44.5N,125.1W,0119,Y@@ g@
11:43:49 PM,18.2,243.0,90.0,132.0,113.0,1801,44.5N,125.1W,0119,X@@ g@
11:43:50 PM,18.2,243.0,90.0,131.7,113.1,1799,44.5N,125.1W,0119,X@@ g@
11:43:51 PM,18.3,243.1,90.0,131.8,113.1,1801,44.5N,125.1W,0119,X@@ g@
11:43:52 PM,18.3,243.1,90.0,131.8,113.1,1799,44.5N,125.1W,0120,X@@ g@
11:43:53 PM,18.2,243.0,90.0,131.9,113.1,1798,44.5N,125.1W,0120,X@@ g@
11:43:54 PM,18.2,243.1,90.0,131.8,113.0,1799,44.5N,125.1W,0120,X@@ g@
11:43:55 PM,18.2,241.7,90.0,131.9,113.1,1797,44.5N,125.1W,0120,X@@ g@
11:43:56 PM,18.2,243.0,89.9,131.8,113.1,1800,44.5N,125.1W,0120,Y@@ g@
11:43:57 PM,18.2,243.0,90.0,132.0,113.1,1799,44.5N,125.1W,0119,Y@@ g@
11:43:57 PM,18.2,243.1,90.0,131.9,113.1,1798,44.5N,125.1W,0119,Y@@ g@
11:43:58 PM,18.3,243.1,90.0,131.7,113.1,1799,44.5N,125.1W,0119,Y@@ g@
11:43:59 PM,18.3,243.1,89.9,131.7,113.1,1798,44.5N,125.1W,0119,Y@@ g@
11:44:00 PM,18.3,243.0,90.0,131.8,113.1,1799,44.5N,125.1W,0119,Y@@ g@
11:44:01 PM,18.2,243.0,90.0,131.9,113.1,1799,44.5N,125.1W,0120,Y@@ g@
11:44:02 PM,18.2,243.0,90.0,132.0,113.1,1797,44.5N,125.1W,0120,X@@ g@
11:44:03 PM,18.2,243.0,90.0,132.0,113.0,1801,44.5N,125.1W,0120,X@@ g@
11:44:04 PM,18.3,243.1,90.0,131.7,113.0,1797,44.5N,125.1W,0120,X@@ g@
11:44:05 PM,18.3,243.1,90.0,131.6,113.1,1799,44.5N,125.1W,0120,X@@ g@
11:44:05 PM,18.3,243.1,90.0,131.6,113.1,1798,44.5N,125.1W,0119,X@@ g@
11:44:06 PM,18.3,243.1,89.9,131.6,113.1,1799,44.5N,125.1W,0119,X@@ g@
11:44:07 PM,18.2,243.0,89.9,131.6,113.1,1796,44.5N,125.1W,0119,X@@ g@
11:44:08 PM,18.2,243.1,90.0,131.7,113.1,1794,44.5N,125.1W,0119,Y@@ g@
11:44:09 PM,18.2,243.1,90.0,131.7,113.1,1794,44.5N,125.1W,0119,Y@@ g@
11:44:10 PM,18.2,243.1,90.0,131.6,113.1,1797,44.5N,125.1W,0119,Y@@ g@
11:44:10 PM,18.2,243.1,90.0,131.7,113.1,1795,44.5N,125.1W,0119,Y@@ g@
11:44:11 PM,18.2,243.1,90.0,131.6,113.1,1795,44.5N,125.1W,0119,Y@@ g@
11:44:12 PM,18.2,243.1,89.9,131.6,113.1,1793,44.5N,125.1W,0119,Y@@ g@
11:44:13 PM,18.3,243.0,89.9,131.7,113.1,1795,44.5N,125.1W,0119,Y@@ g@
11:44:15 PM,18.3,243.1,90.0,131.6,113.1,1795,44.5N,125.1W,0120,Y@@ g@
11:44:15 PM,18.2,243.1,90.0,131.6,113.3,1794,44.5N,125.1W,0120,X@@ g@
11:44:16 PM,18.2,243.0,90.0,131.5,113.3,1798,44.5N,125.1W,0120,X@@ g@
11:44:17 PM,18.1,243.0,90.0,131.5,113.3,1795,44.5N,125.1W,0120,X@@ g@
11:44:18 PM,18.2,243.1,90.0,131.6,113.5,1797,44.5N,125.1W,0120,X@@ g@
11:44:19 PM,18.2,243.1,90.0,131.7,113.5,1798,44.5N,125.1W,0119,X@@ g@
11:44:20 PM,18.2,243.0,90.0,131.7,113.5,1798,44.5N,125.1W,0119,X@@ g@
11:44:21 PM,18.3,243.1,90.0,131.6,113.3,1799,44.5N,125.1W,0119,Y@@ g@
11:44:22 PM,18.2,243.1,89.9,131.7,113.3,1797,44.5N,125.1W,0119,Y@@ g@
11:44:22 PM,18.2,243.1,90.0,131.6,113.3,1796,44.5N,125.1W,0119,Y@@ g@
11:44:23 PM,18.2,243.0,90.0,131.7,113.5,1797,44.5N,125.1W,0120,Y@@ g@
11:44:24 PM,18.2,243.1,90.0,131.6,113.5,1793,44.5N,125.1W,0120,Y@@ g@
11:44:25 PM,18.2,243.1,90.0,131.7,113.5,1793,44.5N,125.1W,0120,Y@@ g@
11:44:26 PM,18.3,243.0,90.0,131.6,113.5,1794,44.5N,125.1W,0120,Y@@ g@
11:44:27 PM,18.3,243.1,90.0,131.5,113.5,1793,44.5N,125.1W,0120,Y@@ g@
11:44:27 PM,18.3,243.0,90.0,131.7,113.5,1794,44.5N,125.1W,0120,X@@ g@
11:44:28 PM,18.2,243.0,90.0,131.6,113.5,1793,44.5N,125.1W,0120,X@@ g@
11:44:29 PM,18.3,243.0,89.9,131.7,113.5,1792,44.5N,125.1W,0120,X@@ g@
11:44:30 PM,18.3,243.1,90.0,131.3,113.6,1793,44.5N,125.1W,0120,X@@ g@
11:44:31 PM,18.3,243.1,90.0,131.2,113.6,1792,44.5N,125.1W,0120,X@@ g@
11:44:32 PM,18.3,243.1,90.0,131.3,113.6,1795,44.5N,125.1W,0120,X@@ g@
11:44:33 PM,18.3,243.1,90.0,131.3,113.6,1794,44.5N,125.1W,0120,X@@ g@
11:44:33 PM,18.2,243.1,90.0,131.5,113.6,1794,44.5N,125.1W,0120,Y@@ g@
11:44:34 PM,18.2,243.1,90.0,131.3,113.5,1794,44.5N,125.1W,0120,Y@@ g@
11:44:35 PM,18.2,243.1,90.0,131.2,113.6,1793,44.5N,125.1W,0120,Y@@ g@
11:44:36 PM,18.3,243.1,90.0,131.1,113.7,1792,44.5N,125.1W,0120,Y@@ g@
11:44:37 PM,18.2,243.1,90.0,131.0,113.7,1793,44.5N,125.1W,0120,Y@@ g@
11:44:38 PM,18.3,243.1,90.0,130.9,113.9,1794,44.5N,125.1W,0120,Y@@ g@
11:44:39 PM,18.5,243.1,90.0,131.0,113.9,1795,44.5N,125.1W,0120,Y@@ g@
'ACU Parameter Dump - Legacy Mode
'CMD	Value	Result	Description
'DAC 2202 VER 6.12  
'SX@@@L1795 @g
mA	255	'*
mB	253	'-000.3	El Trim
mC	255	'*
mD	240	'-001.6	Az Trim
mE	064	'064	Mode
mF	020	'020	Auto Thrs
mG	000	'000	El Step Size
mH	000	'000	Az Step Size
mI	000	'000	Step Integral
mJ	010	'010	Search Inc
mK	100	'100	Search Limit
mL	030	'030	Search Delay
mM	000	'000	Sweep Inc
mN	069	'069	System Type
mO	002	'002	Gyro Type
mP	009	'009	Polang Type
mQ	030	'030	Pol Offset
mR	090	'090	Pol Scale
mS	000	'*
mT	000	'000.0	Az Limit1
mU	000	'*
mV	000	'000.0	Az Limit2
mW	004	'004	Pol Tx
mX	000	'000	Error Type
mY	000	'*
mZ	000	'000.0	Az Limit3
m[	000	'*
m\	000	'000.0	Az Limit4
m]	000	'*
m^	000	'000.0	Az Limit5
m_	000	'*
m`	000	'000.0	Az Limit6
ma	165	'165	Init Hdg
mb	001	'*
mc	189	'044.5	Lat  
md	078	'N	Lat N/S
me	004	'*
mf	227	'125.1	Lon  
mg	087	'W	Lon E/W
mh	007	'*
mi	008	'180.0	Sat Lon
mj	168	'E	Sat E/W
mk	002	'*
ml	171	'113.8	Lcl HDG
mm	004	'*
mn	115	'113.9	Rmt HDG
mo	006	'*
mp	097	'1633	THRS
mq	003	'*
mr	254	'1022	Freq/MHz
ms	038	'*
mt	128	'9856/0616  Baud/KHz
mu	118	'118	FEC/T/V
mv	004	'004	Pol Sel
mw	112	'*
mx	094	'1798	AGC
my	007	'*
mz	128	'0120	Ext AGC
m{	000	'*
m|	000	'0000	Rem POL
m}	000	'*
m~	000	'0	Target NID
m	032	'032	DispT
mÄ	000	'000	KuDisp
mÅ	000	'000	TDisp
mÇ	000	'*  	5v Offset
mÉ	000	'000.0	Az Limit7 / 5v Scale
mÑ	000	'*
mÖ	000	'000.0	Az Limit8
mÜ	180	'090	El Limit12
má	180	'090	El Limit34
mà	180	'090	El Limit56
mâ	180	'090	El Limit78
mä	000	'000	SatSkew
' 9797b VER 2.14 
'SZH@µ
n0	211	'211	Systyp
n1	050	'050	CL Kp
n2	050	'050	LV Kp
n3	050	'050	AZ Kp
n4	000	'000	CL Trim
n5	000	'000	LV Trim
n6	000	'000	HF Trim
n7	133	'133	DishScan
n8	016	'016	Scan Rate
n9	000	'000	Error
n:	010	'010	Sys ID
n;	224	'224	Stat1
'Comm IF Ver 1.20 Port  M&C (C)
